from,to,weight,type
MrScyzfSsozlJ0cBt4mqhQ,SAyc6gRZ9zxsyTBWrE_Nkw,1,reviewed-same-restaurant
SAyc6gRZ9zxsyTBWrE_Nkw,MrScyzfSsozlJ0cBt4mqhQ,1,reviewed-same-restaurant
MrScyzfSsozlJ0cBt4mqhQ,eNYdCHcCJQbCtcQVDkFt9Q,1,reviewed-same-restaurant
eNYdCHcCJQbCtcQVDkFt9Q,MrScyzfSsozlJ0cBt4mqhQ,1,reviewed-same-restaurant
MrScyzfSsozlJ0cBt4mqhQ,XGo2NYXLM01XXRl8Z7aFDg,1,reviewed-same-restaurant
XGo2NYXLM01XXRl8Z7aFDg,MrScyzfSsozlJ0cBt4mqhQ,1,reviewed-same-restaurant
MrScyzfSsozlJ0cBt4mqhQ,tfO6iJOET3RdOJhm40jUGQ,1,reviewed-same-restaurant
tfO6iJOET3RdOJhm40jUGQ,MrScyzfSsozlJ0cBt4mqhQ,1,reviewed-same-restaurant
MrScyzfSsozlJ0cBt4mqhQ,YGzfha49Ke-IKXAuCcGLOg,1,reviewed-same-restaurant
YGzfha49Ke-IKXAuCcGLOg,MrScyzfSsozlJ0cBt4mqhQ,1,reviewed-same-restaurant
MrScyzfSsozlJ0cBt4mqhQ,mTYYS_2oUX8mHERN4JZ-0A,1,reviewed-same-restaurant
mTYYS_2oUX8mHERN4JZ-0A,MrScyzfSsozlJ0cBt4mqhQ,1,reviewed-same-restaurant
MrScyzfSsozlJ0cBt4mqhQ,m0KA2DIg3VKsvR2aQHn_jA,1,reviewed-same-restaurant
m0KA2DIg3VKsvR2aQHn_jA,MrScyzfSsozlJ0cBt4mqhQ,1,reviewed-same-restaurant
MrScyzfSsozlJ0cBt4mqhQ,ERFfbEWAeqEF91ipoaUu6w,1,reviewed-same-restaurant
ERFfbEWAeqEF91ipoaUu6w,MrScyzfSsozlJ0cBt4mqhQ,1,reviewed-same-restaurant
MrScyzfSsozlJ0cBt4mqhQ,xuiKXdLqy1xrmlvCEL7EHg,1,reviewed-same-restaurant
xuiKXdLqy1xrmlvCEL7EHg,MrScyzfSsozlJ0cBt4mqhQ,1,reviewed-same-restaurant
MrScyzfSsozlJ0cBt4mqhQ,YFxFTn8xUXkl-zhqlESMBw,1,reviewed-same-restaurant
YFxFTn8xUXkl-zhqlESMBw,MrScyzfSsozlJ0cBt4mqhQ,1,reviewed-same-restaurant
MrScyzfSsozlJ0cBt4mqhQ,6zdHISU9sX7DV9uC6f2vvg,1,reviewed-same-restaurant
6zdHISU9sX7DV9uC6f2vvg,MrScyzfSsozlJ0cBt4mqhQ,1,reviewed-same-restaurant
MrScyzfSsozlJ0cBt4mqhQ,VD1zLrgNBcztR10sTpNm3g,1,reviewed-same-restaurant
VD1zLrgNBcztR10sTpNm3g,MrScyzfSsozlJ0cBt4mqhQ,1,reviewed-same-restaurant
MrScyzfSsozlJ0cBt4mqhQ,8NAN_3kWzNtvXFR01voVbw,1,reviewed-same-restaurant
8NAN_3kWzNtvXFR01voVbw,MrScyzfSsozlJ0cBt4mqhQ,1,reviewed-same-restaurant
MrScyzfSsozlJ0cBt4mqhQ,t1laGFTiJtDaGFnA9clYPA,1,reviewed-same-restaurant
t1laGFTiJtDaGFnA9clYPA,MrScyzfSsozlJ0cBt4mqhQ,1,reviewed-same-restaurant
MrScyzfSsozlJ0cBt4mqhQ,qBaEKpXuVSWjbeqnU8Brbw,1,reviewed-same-restaurant
qBaEKpXuVSWjbeqnU8Brbw,MrScyzfSsozlJ0cBt4mqhQ,1,reviewed-same-restaurant
MrScyzfSsozlJ0cBt4mqhQ,PqfxWMsJav8tE5YOiz1xwQ,1,reviewed-same-restaurant
PqfxWMsJav8tE5YOiz1xwQ,MrScyzfSsozlJ0cBt4mqhQ,1,reviewed-same-restaurant
MrScyzfSsozlJ0cBt4mqhQ,9W5o1uCqYH8uXs0aeC0gng,1,reviewed-same-restaurant
9W5o1uCqYH8uXs0aeC0gng,MrScyzfSsozlJ0cBt4mqhQ,1,reviewed-same-restaurant
SAyc6gRZ9zxsyTBWrE_Nkw,eNYdCHcCJQbCtcQVDkFt9Q,1,reviewed-same-restaurant
eNYdCHcCJQbCtcQVDkFt9Q,SAyc6gRZ9zxsyTBWrE_Nkw,1,reviewed-same-restaurant
SAyc6gRZ9zxsyTBWrE_Nkw,XGo2NYXLM01XXRl8Z7aFDg,1,reviewed-same-restaurant
XGo2NYXLM01XXRl8Z7aFDg,SAyc6gRZ9zxsyTBWrE_Nkw,1,reviewed-same-restaurant
SAyc6gRZ9zxsyTBWrE_Nkw,tfO6iJOET3RdOJhm40jUGQ,1,reviewed-same-restaurant
tfO6iJOET3RdOJhm40jUGQ,SAyc6gRZ9zxsyTBWrE_Nkw,1,reviewed-same-restaurant
SAyc6gRZ9zxsyTBWrE_Nkw,YGzfha49Ke-IKXAuCcGLOg,1,reviewed-same-restaurant
YGzfha49Ke-IKXAuCcGLOg,SAyc6gRZ9zxsyTBWrE_Nkw,1,reviewed-same-restaurant
SAyc6gRZ9zxsyTBWrE_Nkw,mTYYS_2oUX8mHERN4JZ-0A,1,reviewed-same-restaurant
mTYYS_2oUX8mHERN4JZ-0A,SAyc6gRZ9zxsyTBWrE_Nkw,1,reviewed-same-restaurant
SAyc6gRZ9zxsyTBWrE_Nkw,m0KA2DIg3VKsvR2aQHn_jA,1,reviewed-same-restaurant
m0KA2DIg3VKsvR2aQHn_jA,SAyc6gRZ9zxsyTBWrE_Nkw,1,reviewed-same-restaurant
SAyc6gRZ9zxsyTBWrE_Nkw,ERFfbEWAeqEF91ipoaUu6w,1,reviewed-same-restaurant
ERFfbEWAeqEF91ipoaUu6w,SAyc6gRZ9zxsyTBWrE_Nkw,1,reviewed-same-restaurant
SAyc6gRZ9zxsyTBWrE_Nkw,xuiKXdLqy1xrmlvCEL7EHg,1,reviewed-same-restaurant
xuiKXdLqy1xrmlvCEL7EHg,SAyc6gRZ9zxsyTBWrE_Nkw,1,reviewed-same-restaurant
SAyc6gRZ9zxsyTBWrE_Nkw,YFxFTn8xUXkl-zhqlESMBw,1,reviewed-same-restaurant
YFxFTn8xUXkl-zhqlESMBw,SAyc6gRZ9zxsyTBWrE_Nkw,1,reviewed-same-restaurant
SAyc6gRZ9zxsyTBWrE_Nkw,6zdHISU9sX7DV9uC6f2vvg,1,reviewed-same-restaurant
6zdHISU9sX7DV9uC6f2vvg,SAyc6gRZ9zxsyTBWrE_Nkw,1,reviewed-same-restaurant
SAyc6gRZ9zxsyTBWrE_Nkw,VD1zLrgNBcztR10sTpNm3g,1,reviewed-same-restaurant
VD1zLrgNBcztR10sTpNm3g,SAyc6gRZ9zxsyTBWrE_Nkw,1,reviewed-same-restaurant
SAyc6gRZ9zxsyTBWrE_Nkw,8NAN_3kWzNtvXFR01voVbw,1,reviewed-same-restaurant
8NAN_3kWzNtvXFR01voVbw,SAyc6gRZ9zxsyTBWrE_Nkw,1,reviewed-same-restaurant
SAyc6gRZ9zxsyTBWrE_Nkw,t1laGFTiJtDaGFnA9clYPA,1,reviewed-same-restaurant
t1laGFTiJtDaGFnA9clYPA,SAyc6gRZ9zxsyTBWrE_Nkw,1,reviewed-same-restaurant
SAyc6gRZ9zxsyTBWrE_Nkw,qBaEKpXuVSWjbeqnU8Brbw,1,reviewed-same-restaurant
qBaEKpXuVSWjbeqnU8Brbw,SAyc6gRZ9zxsyTBWrE_Nkw,1,reviewed-same-restaurant
SAyc6gRZ9zxsyTBWrE_Nkw,PqfxWMsJav8tE5YOiz1xwQ,1,reviewed-same-restaurant
PqfxWMsJav8tE5YOiz1xwQ,SAyc6gRZ9zxsyTBWrE_Nkw,1,reviewed-same-restaurant
SAyc6gRZ9zxsyTBWrE_Nkw,9W5o1uCqYH8uXs0aeC0gng,1,reviewed-same-restaurant
9W5o1uCqYH8uXs0aeC0gng,SAyc6gRZ9zxsyTBWrE_Nkw,1,reviewed-same-restaurant
eNYdCHcCJQbCtcQVDkFt9Q,XGo2NYXLM01XXRl8Z7aFDg,1,reviewed-same-restaurant
XGo2NYXLM01XXRl8Z7aFDg,eNYdCHcCJQbCtcQVDkFt9Q,1,reviewed-same-restaurant
eNYdCHcCJQbCtcQVDkFt9Q,tfO6iJOET3RdOJhm40jUGQ,1,reviewed-same-restaurant
tfO6iJOET3RdOJhm40jUGQ,eNYdCHcCJQbCtcQVDkFt9Q,1,reviewed-same-restaurant
eNYdCHcCJQbCtcQVDkFt9Q,YGzfha49Ke-IKXAuCcGLOg,1,reviewed-same-restaurant
YGzfha49Ke-IKXAuCcGLOg,eNYdCHcCJQbCtcQVDkFt9Q,1,reviewed-same-restaurant
eNYdCHcCJQbCtcQVDkFt9Q,mTYYS_2oUX8mHERN4JZ-0A,1,reviewed-same-restaurant
mTYYS_2oUX8mHERN4JZ-0A,eNYdCHcCJQbCtcQVDkFt9Q,1,reviewed-same-restaurant
eNYdCHcCJQbCtcQVDkFt9Q,m0KA2DIg3VKsvR2aQHn_jA,1,reviewed-same-restaurant
m0KA2DIg3VKsvR2aQHn_jA,eNYdCHcCJQbCtcQVDkFt9Q,1,reviewed-same-restaurant
eNYdCHcCJQbCtcQVDkFt9Q,ERFfbEWAeqEF91ipoaUu6w,1,reviewed-same-restaurant
ERFfbEWAeqEF91ipoaUu6w,eNYdCHcCJQbCtcQVDkFt9Q,1,reviewed-same-restaurant
eNYdCHcCJQbCtcQVDkFt9Q,xuiKXdLqy1xrmlvCEL7EHg,1,reviewed-same-restaurant
xuiKXdLqy1xrmlvCEL7EHg,eNYdCHcCJQbCtcQVDkFt9Q,1,reviewed-same-restaurant
eNYdCHcCJQbCtcQVDkFt9Q,YFxFTn8xUXkl-zhqlESMBw,1,reviewed-same-restaurant
YFxFTn8xUXkl-zhqlESMBw,eNYdCHcCJQbCtcQVDkFt9Q,1,reviewed-same-restaurant
eNYdCHcCJQbCtcQVDkFt9Q,6zdHISU9sX7DV9uC6f2vvg,1,reviewed-same-restaurant
6zdHISU9sX7DV9uC6f2vvg,eNYdCHcCJQbCtcQVDkFt9Q,1,reviewed-same-restaurant
eNYdCHcCJQbCtcQVDkFt9Q,VD1zLrgNBcztR10sTpNm3g,1,reviewed-same-restaurant
VD1zLrgNBcztR10sTpNm3g,eNYdCHcCJQbCtcQVDkFt9Q,1,reviewed-same-restaurant
eNYdCHcCJQbCtcQVDkFt9Q,8NAN_3kWzNtvXFR01voVbw,1,reviewed-same-restaurant
8NAN_3kWzNtvXFR01voVbw,eNYdCHcCJQbCtcQVDkFt9Q,1,reviewed-same-restaurant
eNYdCHcCJQbCtcQVDkFt9Q,t1laGFTiJtDaGFnA9clYPA,1,reviewed-same-restaurant
t1laGFTiJtDaGFnA9clYPA,eNYdCHcCJQbCtcQVDkFt9Q,1,reviewed-same-restaurant
eNYdCHcCJQbCtcQVDkFt9Q,qBaEKpXuVSWjbeqnU8Brbw,1,reviewed-same-restaurant
qBaEKpXuVSWjbeqnU8Brbw,eNYdCHcCJQbCtcQVDkFt9Q,1,reviewed-same-restaurant
eNYdCHcCJQbCtcQVDkFt9Q,PqfxWMsJav8tE5YOiz1xwQ,1,reviewed-same-restaurant
PqfxWMsJav8tE5YOiz1xwQ,eNYdCHcCJQbCtcQVDkFt9Q,1,reviewed-same-restaurant
eNYdCHcCJQbCtcQVDkFt9Q,9W5o1uCqYH8uXs0aeC0gng,1,reviewed-same-restaurant
9W5o1uCqYH8uXs0aeC0gng,eNYdCHcCJQbCtcQVDkFt9Q,1,reviewed-same-restaurant
XGo2NYXLM01XXRl8Z7aFDg,tfO6iJOET3RdOJhm40jUGQ,1,reviewed-same-restaurant
tfO6iJOET3RdOJhm40jUGQ,XGo2NYXLM01XXRl8Z7aFDg,1,reviewed-same-restaurant
XGo2NYXLM01XXRl8Z7aFDg,YGzfha49Ke-IKXAuCcGLOg,1,reviewed-same-restaurant
YGzfha49Ke-IKXAuCcGLOg,XGo2NYXLM01XXRl8Z7aFDg,1,reviewed-same-restaurant
XGo2NYXLM01XXRl8Z7aFDg,mTYYS_2oUX8mHERN4JZ-0A,1,reviewed-same-restaurant
mTYYS_2oUX8mHERN4JZ-0A,XGo2NYXLM01XXRl8Z7aFDg,1,reviewed-same-restaurant
XGo2NYXLM01XXRl8Z7aFDg,m0KA2DIg3VKsvR2aQHn_jA,1,reviewed-same-restaurant
m0KA2DIg3VKsvR2aQHn_jA,XGo2NYXLM01XXRl8Z7aFDg,1,reviewed-same-restaurant
XGo2NYXLM01XXRl8Z7aFDg,ERFfbEWAeqEF91ipoaUu6w,1,reviewed-same-restaurant
ERFfbEWAeqEF91ipoaUu6w,XGo2NYXLM01XXRl8Z7aFDg,1,reviewed-same-restaurant
XGo2NYXLM01XXRl8Z7aFDg,xuiKXdLqy1xrmlvCEL7EHg,1,reviewed-same-restaurant
xuiKXdLqy1xrmlvCEL7EHg,XGo2NYXLM01XXRl8Z7aFDg,1,reviewed-same-restaurant
XGo2NYXLM01XXRl8Z7aFDg,YFxFTn8xUXkl-zhqlESMBw,1,reviewed-same-restaurant
YFxFTn8xUXkl-zhqlESMBw,XGo2NYXLM01XXRl8Z7aFDg,1,reviewed-same-restaurant
XGo2NYXLM01XXRl8Z7aFDg,6zdHISU9sX7DV9uC6f2vvg,1,reviewed-same-restaurant
6zdHISU9sX7DV9uC6f2vvg,XGo2NYXLM01XXRl8Z7aFDg,1,reviewed-same-restaurant
XGo2NYXLM01XXRl8Z7aFDg,VD1zLrgNBcztR10sTpNm3g,1,reviewed-same-restaurant
VD1zLrgNBcztR10sTpNm3g,XGo2NYXLM01XXRl8Z7aFDg,1,reviewed-same-restaurant
XGo2NYXLM01XXRl8Z7aFDg,8NAN_3kWzNtvXFR01voVbw,1,reviewed-same-restaurant
8NAN_3kWzNtvXFR01voVbw,XGo2NYXLM01XXRl8Z7aFDg,1,reviewed-same-restaurant
XGo2NYXLM01XXRl8Z7aFDg,t1laGFTiJtDaGFnA9clYPA,1,reviewed-same-restaurant
t1laGFTiJtDaGFnA9clYPA,XGo2NYXLM01XXRl8Z7aFDg,1,reviewed-same-restaurant
XGo2NYXLM01XXRl8Z7aFDg,qBaEKpXuVSWjbeqnU8Brbw,1,reviewed-same-restaurant
qBaEKpXuVSWjbeqnU8Brbw,XGo2NYXLM01XXRl8Z7aFDg,1,reviewed-same-restaurant
XGo2NYXLM01XXRl8Z7aFDg,PqfxWMsJav8tE5YOiz1xwQ,1,reviewed-same-restaurant
PqfxWMsJav8tE5YOiz1xwQ,XGo2NYXLM01XXRl8Z7aFDg,1,reviewed-same-restaurant
XGo2NYXLM01XXRl8Z7aFDg,9W5o1uCqYH8uXs0aeC0gng,1,reviewed-same-restaurant
9W5o1uCqYH8uXs0aeC0gng,XGo2NYXLM01XXRl8Z7aFDg,1,reviewed-same-restaurant
tfO6iJOET3RdOJhm40jUGQ,YGzfha49Ke-IKXAuCcGLOg,1,reviewed-same-restaurant
YGzfha49Ke-IKXAuCcGLOg,tfO6iJOET3RdOJhm40jUGQ,1,reviewed-same-restaurant
tfO6iJOET3RdOJhm40jUGQ,mTYYS_2oUX8mHERN4JZ-0A,1,reviewed-same-restaurant
mTYYS_2oUX8mHERN4JZ-0A,tfO6iJOET3RdOJhm40jUGQ,1,reviewed-same-restaurant
tfO6iJOET3RdOJhm40jUGQ,m0KA2DIg3VKsvR2aQHn_jA,1,reviewed-same-restaurant
m0KA2DIg3VKsvR2aQHn_jA,tfO6iJOET3RdOJhm40jUGQ,1,reviewed-same-restaurant
tfO6iJOET3RdOJhm40jUGQ,ERFfbEWAeqEF91ipoaUu6w,1,reviewed-same-restaurant
ERFfbEWAeqEF91ipoaUu6w,tfO6iJOET3RdOJhm40jUGQ,1,reviewed-same-restaurant
tfO6iJOET3RdOJhm40jUGQ,xuiKXdLqy1xrmlvCEL7EHg,1,reviewed-same-restaurant
xuiKXdLqy1xrmlvCEL7EHg,tfO6iJOET3RdOJhm40jUGQ,1,reviewed-same-restaurant
tfO6iJOET3RdOJhm40jUGQ,YFxFTn8xUXkl-zhqlESMBw,1,reviewed-same-restaurant
YFxFTn8xUXkl-zhqlESMBw,tfO6iJOET3RdOJhm40jUGQ,1,reviewed-same-restaurant
tfO6iJOET3RdOJhm40jUGQ,6zdHISU9sX7DV9uC6f2vvg,1,reviewed-same-restaurant
6zdHISU9sX7DV9uC6f2vvg,tfO6iJOET3RdOJhm40jUGQ,1,reviewed-same-restaurant
tfO6iJOET3RdOJhm40jUGQ,VD1zLrgNBcztR10sTpNm3g,1,reviewed-same-restaurant
VD1zLrgNBcztR10sTpNm3g,tfO6iJOET3RdOJhm40jUGQ,1,reviewed-same-restaurant
tfO6iJOET3RdOJhm40jUGQ,8NAN_3kWzNtvXFR01voVbw,1,reviewed-same-restaurant
8NAN_3kWzNtvXFR01voVbw,tfO6iJOET3RdOJhm40jUGQ,1,reviewed-same-restaurant
tfO6iJOET3RdOJhm40jUGQ,t1laGFTiJtDaGFnA9clYPA,1,reviewed-same-restaurant
t1laGFTiJtDaGFnA9clYPA,tfO6iJOET3RdOJhm40jUGQ,1,reviewed-same-restaurant
tfO6iJOET3RdOJhm40jUGQ,qBaEKpXuVSWjbeqnU8Brbw,1,reviewed-same-restaurant
qBaEKpXuVSWjbeqnU8Brbw,tfO6iJOET3RdOJhm40jUGQ,1,reviewed-same-restaurant
tfO6iJOET3RdOJhm40jUGQ,PqfxWMsJav8tE5YOiz1xwQ,1,reviewed-same-restaurant
PqfxWMsJav8tE5YOiz1xwQ,tfO6iJOET3RdOJhm40jUGQ,1,reviewed-same-restaurant
tfO6iJOET3RdOJhm40jUGQ,9W5o1uCqYH8uXs0aeC0gng,1,reviewed-same-restaurant
9W5o1uCqYH8uXs0aeC0gng,tfO6iJOET3RdOJhm40jUGQ,1,reviewed-same-restaurant
YGzfha49Ke-IKXAuCcGLOg,mTYYS_2oUX8mHERN4JZ-0A,1,reviewed-same-restaurant
mTYYS_2oUX8mHERN4JZ-0A,YGzfha49Ke-IKXAuCcGLOg,1,reviewed-same-restaurant
YGzfha49Ke-IKXAuCcGLOg,m0KA2DIg3VKsvR2aQHn_jA,1,reviewed-same-restaurant
m0KA2DIg3VKsvR2aQHn_jA,YGzfha49Ke-IKXAuCcGLOg,1,reviewed-same-restaurant
YGzfha49Ke-IKXAuCcGLOg,ERFfbEWAeqEF91ipoaUu6w,1,reviewed-same-restaurant
ERFfbEWAeqEF91ipoaUu6w,YGzfha49Ke-IKXAuCcGLOg,1,reviewed-same-restaurant
YGzfha49Ke-IKXAuCcGLOg,xuiKXdLqy1xrmlvCEL7EHg,1,reviewed-same-restaurant
xuiKXdLqy1xrmlvCEL7EHg,YGzfha49Ke-IKXAuCcGLOg,1,reviewed-same-restaurant
YGzfha49Ke-IKXAuCcGLOg,YFxFTn8xUXkl-zhqlESMBw,1,reviewed-same-restaurant
YFxFTn8xUXkl-zhqlESMBw,YGzfha49Ke-IKXAuCcGLOg,1,reviewed-same-restaurant
YGzfha49Ke-IKXAuCcGLOg,6zdHISU9sX7DV9uC6f2vvg,1,reviewed-same-restaurant
6zdHISU9sX7DV9uC6f2vvg,YGzfha49Ke-IKXAuCcGLOg,1,reviewed-same-restaurant
YGzfha49Ke-IKXAuCcGLOg,VD1zLrgNBcztR10sTpNm3g,1,reviewed-same-restaurant
VD1zLrgNBcztR10sTpNm3g,YGzfha49Ke-IKXAuCcGLOg,1,reviewed-same-restaurant
YGzfha49Ke-IKXAuCcGLOg,8NAN_3kWzNtvXFR01voVbw,1,reviewed-same-restaurant
8NAN_3kWzNtvXFR01voVbw,YGzfha49Ke-IKXAuCcGLOg,1,reviewed-same-restaurant
YGzfha49Ke-IKXAuCcGLOg,t1laGFTiJtDaGFnA9clYPA,1,reviewed-same-restaurant
t1laGFTiJtDaGFnA9clYPA,YGzfha49Ke-IKXAuCcGLOg,1,reviewed-same-restaurant
YGzfha49Ke-IKXAuCcGLOg,qBaEKpXuVSWjbeqnU8Brbw,1,reviewed-same-restaurant
qBaEKpXuVSWjbeqnU8Brbw,YGzfha49Ke-IKXAuCcGLOg,1,reviewed-same-restaurant
YGzfha49Ke-IKXAuCcGLOg,PqfxWMsJav8tE5YOiz1xwQ,1,reviewed-same-restaurant
PqfxWMsJav8tE5YOiz1xwQ,YGzfha49Ke-IKXAuCcGLOg,1,reviewed-same-restaurant
YGzfha49Ke-IKXAuCcGLOg,9W5o1uCqYH8uXs0aeC0gng,1,reviewed-same-restaurant
9W5o1uCqYH8uXs0aeC0gng,YGzfha49Ke-IKXAuCcGLOg,1,reviewed-same-restaurant
mTYYS_2oUX8mHERN4JZ-0A,m0KA2DIg3VKsvR2aQHn_jA,1,reviewed-same-restaurant
m0KA2DIg3VKsvR2aQHn_jA,mTYYS_2oUX8mHERN4JZ-0A,1,reviewed-same-restaurant
mTYYS_2oUX8mHERN4JZ-0A,ERFfbEWAeqEF91ipoaUu6w,1,reviewed-same-restaurant
ERFfbEWAeqEF91ipoaUu6w,mTYYS_2oUX8mHERN4JZ-0A,1,reviewed-same-restaurant
mTYYS_2oUX8mHERN4JZ-0A,xuiKXdLqy1xrmlvCEL7EHg,1,reviewed-same-restaurant
xuiKXdLqy1xrmlvCEL7EHg,mTYYS_2oUX8mHERN4JZ-0A,1,reviewed-same-restaurant
mTYYS_2oUX8mHERN4JZ-0A,YFxFTn8xUXkl-zhqlESMBw,1,reviewed-same-restaurant
YFxFTn8xUXkl-zhqlESMBw,mTYYS_2oUX8mHERN4JZ-0A,1,reviewed-same-restaurant
mTYYS_2oUX8mHERN4JZ-0A,6zdHISU9sX7DV9uC6f2vvg,1,reviewed-same-restaurant
6zdHISU9sX7DV9uC6f2vvg,mTYYS_2oUX8mHERN4JZ-0A,1,reviewed-same-restaurant
mTYYS_2oUX8mHERN4JZ-0A,VD1zLrgNBcztR10sTpNm3g,1,reviewed-same-restaurant
VD1zLrgNBcztR10sTpNm3g,mTYYS_2oUX8mHERN4JZ-0A,1,reviewed-same-restaurant
mTYYS_2oUX8mHERN4JZ-0A,8NAN_3kWzNtvXFR01voVbw,1,reviewed-same-restaurant
8NAN_3kWzNtvXFR01voVbw,mTYYS_2oUX8mHERN4JZ-0A,1,reviewed-same-restaurant
mTYYS_2oUX8mHERN4JZ-0A,t1laGFTiJtDaGFnA9clYPA,1,reviewed-same-restaurant
t1laGFTiJtDaGFnA9clYPA,mTYYS_2oUX8mHERN4JZ-0A,1,reviewed-same-restaurant
mTYYS_2oUX8mHERN4JZ-0A,qBaEKpXuVSWjbeqnU8Brbw,1,reviewed-same-restaurant
qBaEKpXuVSWjbeqnU8Brbw,mTYYS_2oUX8mHERN4JZ-0A,1,reviewed-same-restaurant
mTYYS_2oUX8mHERN4JZ-0A,PqfxWMsJav8tE5YOiz1xwQ,1,reviewed-same-restaurant
PqfxWMsJav8tE5YOiz1xwQ,mTYYS_2oUX8mHERN4JZ-0A,1,reviewed-same-restaurant
mTYYS_2oUX8mHERN4JZ-0A,9W5o1uCqYH8uXs0aeC0gng,1,reviewed-same-restaurant
9W5o1uCqYH8uXs0aeC0gng,mTYYS_2oUX8mHERN4JZ-0A,1,reviewed-same-restaurant
m0KA2DIg3VKsvR2aQHn_jA,ERFfbEWAeqEF91ipoaUu6w,1,reviewed-same-restaurant
ERFfbEWAeqEF91ipoaUu6w,m0KA2DIg3VKsvR2aQHn_jA,1,reviewed-same-restaurant
m0KA2DIg3VKsvR2aQHn_jA,xuiKXdLqy1xrmlvCEL7EHg,1,reviewed-same-restaurant
xuiKXdLqy1xrmlvCEL7EHg,m0KA2DIg3VKsvR2aQHn_jA,1,reviewed-same-restaurant
m0KA2DIg3VKsvR2aQHn_jA,YFxFTn8xUXkl-zhqlESMBw,1,reviewed-same-restaurant
YFxFTn8xUXkl-zhqlESMBw,m0KA2DIg3VKsvR2aQHn_jA,1,reviewed-same-restaurant
m0KA2DIg3VKsvR2aQHn_jA,6zdHISU9sX7DV9uC6f2vvg,1,reviewed-same-restaurant
6zdHISU9sX7DV9uC6f2vvg,m0KA2DIg3VKsvR2aQHn_jA,1,reviewed-same-restaurant
m0KA2DIg3VKsvR2aQHn_jA,VD1zLrgNBcztR10sTpNm3g,1,reviewed-same-restaurant
VD1zLrgNBcztR10sTpNm3g,m0KA2DIg3VKsvR2aQHn_jA,1,reviewed-same-restaurant
m0KA2DIg3VKsvR2aQHn_jA,8NAN_3kWzNtvXFR01voVbw,1,reviewed-same-restaurant
8NAN_3kWzNtvXFR01voVbw,m0KA2DIg3VKsvR2aQHn_jA,1,reviewed-same-restaurant
m0KA2DIg3VKsvR2aQHn_jA,t1laGFTiJtDaGFnA9clYPA,1,reviewed-same-restaurant
t1laGFTiJtDaGFnA9clYPA,m0KA2DIg3VKsvR2aQHn_jA,1,reviewed-same-restaurant
m0KA2DIg3VKsvR2aQHn_jA,qBaEKpXuVSWjbeqnU8Brbw,1,reviewed-same-restaurant
qBaEKpXuVSWjbeqnU8Brbw,m0KA2DIg3VKsvR2aQHn_jA,1,reviewed-same-restaurant
m0KA2DIg3VKsvR2aQHn_jA,PqfxWMsJav8tE5YOiz1xwQ,1,reviewed-same-restaurant
PqfxWMsJav8tE5YOiz1xwQ,m0KA2DIg3VKsvR2aQHn_jA,1,reviewed-same-restaurant
m0KA2DIg3VKsvR2aQHn_jA,9W5o1uCqYH8uXs0aeC0gng,1,reviewed-same-restaurant
9W5o1uCqYH8uXs0aeC0gng,m0KA2DIg3VKsvR2aQHn_jA,1,reviewed-same-restaurant
ERFfbEWAeqEF91ipoaUu6w,xuiKXdLqy1xrmlvCEL7EHg,1,reviewed-same-restaurant
xuiKXdLqy1xrmlvCEL7EHg,ERFfbEWAeqEF91ipoaUu6w,1,reviewed-same-restaurant
ERFfbEWAeqEF91ipoaUu6w,YFxFTn8xUXkl-zhqlESMBw,1,reviewed-same-restaurant
YFxFTn8xUXkl-zhqlESMBw,ERFfbEWAeqEF91ipoaUu6w,1,reviewed-same-restaurant
ERFfbEWAeqEF91ipoaUu6w,6zdHISU9sX7DV9uC6f2vvg,1,reviewed-same-restaurant
6zdHISU9sX7DV9uC6f2vvg,ERFfbEWAeqEF91ipoaUu6w,1,reviewed-same-restaurant
ERFfbEWAeqEF91ipoaUu6w,VD1zLrgNBcztR10sTpNm3g,1,reviewed-same-restaurant
VD1zLrgNBcztR10sTpNm3g,ERFfbEWAeqEF91ipoaUu6w,1,reviewed-same-restaurant
ERFfbEWAeqEF91ipoaUu6w,8NAN_3kWzNtvXFR01voVbw,1,reviewed-same-restaurant
8NAN_3kWzNtvXFR01voVbw,ERFfbEWAeqEF91ipoaUu6w,1,reviewed-same-restaurant
ERFfbEWAeqEF91ipoaUu6w,t1laGFTiJtDaGFnA9clYPA,1,reviewed-same-restaurant
t1laGFTiJtDaGFnA9clYPA,ERFfbEWAeqEF91ipoaUu6w,1,reviewed-same-restaurant
ERFfbEWAeqEF91ipoaUu6w,qBaEKpXuVSWjbeqnU8Brbw,1,reviewed-same-restaurant
qBaEKpXuVSWjbeqnU8Brbw,ERFfbEWAeqEF91ipoaUu6w,1,reviewed-same-restaurant
ERFfbEWAeqEF91ipoaUu6w,PqfxWMsJav8tE5YOiz1xwQ,1,reviewed-same-restaurant
PqfxWMsJav8tE5YOiz1xwQ,ERFfbEWAeqEF91ipoaUu6w,1,reviewed-same-restaurant
ERFfbEWAeqEF91ipoaUu6w,9W5o1uCqYH8uXs0aeC0gng,1,reviewed-same-restaurant
9W5o1uCqYH8uXs0aeC0gng,ERFfbEWAeqEF91ipoaUu6w,1,reviewed-same-restaurant
xuiKXdLqy1xrmlvCEL7EHg,YFxFTn8xUXkl-zhqlESMBw,1,reviewed-same-restaurant
YFxFTn8xUXkl-zhqlESMBw,xuiKXdLqy1xrmlvCEL7EHg,1,reviewed-same-restaurant
xuiKXdLqy1xrmlvCEL7EHg,6zdHISU9sX7DV9uC6f2vvg,1,reviewed-same-restaurant
6zdHISU9sX7DV9uC6f2vvg,xuiKXdLqy1xrmlvCEL7EHg,1,reviewed-same-restaurant
xuiKXdLqy1xrmlvCEL7EHg,VD1zLrgNBcztR10sTpNm3g,1,reviewed-same-restaurant
VD1zLrgNBcztR10sTpNm3g,xuiKXdLqy1xrmlvCEL7EHg,1,reviewed-same-restaurant
xuiKXdLqy1xrmlvCEL7EHg,8NAN_3kWzNtvXFR01voVbw,1,reviewed-same-restaurant
8NAN_3kWzNtvXFR01voVbw,xuiKXdLqy1xrmlvCEL7EHg,1,reviewed-same-restaurant
xuiKXdLqy1xrmlvCEL7EHg,t1laGFTiJtDaGFnA9clYPA,1,reviewed-same-restaurant
t1laGFTiJtDaGFnA9clYPA,xuiKXdLqy1xrmlvCEL7EHg,1,reviewed-same-restaurant
xuiKXdLqy1xrmlvCEL7EHg,qBaEKpXuVSWjbeqnU8Brbw,1,reviewed-same-restaurant
qBaEKpXuVSWjbeqnU8Brbw,xuiKXdLqy1xrmlvCEL7EHg,1,reviewed-same-restaurant
xuiKXdLqy1xrmlvCEL7EHg,PqfxWMsJav8tE5YOiz1xwQ,1,reviewed-same-restaurant
PqfxWMsJav8tE5YOiz1xwQ,xuiKXdLqy1xrmlvCEL7EHg,1,reviewed-same-restaurant
xuiKXdLqy1xrmlvCEL7EHg,9W5o1uCqYH8uXs0aeC0gng,1,reviewed-same-restaurant
9W5o1uCqYH8uXs0aeC0gng,xuiKXdLqy1xrmlvCEL7EHg,1,reviewed-same-restaurant
YFxFTn8xUXkl-zhqlESMBw,6zdHISU9sX7DV9uC6f2vvg,1,reviewed-same-restaurant
6zdHISU9sX7DV9uC6f2vvg,YFxFTn8xUXkl-zhqlESMBw,1,reviewed-same-restaurant
YFxFTn8xUXkl-zhqlESMBw,VD1zLrgNBcztR10sTpNm3g,1,reviewed-same-restaurant
VD1zLrgNBcztR10sTpNm3g,YFxFTn8xUXkl-zhqlESMBw,1,reviewed-same-restaurant
YFxFTn8xUXkl-zhqlESMBw,8NAN_3kWzNtvXFR01voVbw,1,reviewed-same-restaurant
8NAN_3kWzNtvXFR01voVbw,YFxFTn8xUXkl-zhqlESMBw,1,reviewed-same-restaurant
YFxFTn8xUXkl-zhqlESMBw,t1laGFTiJtDaGFnA9clYPA,1,reviewed-same-restaurant
t1laGFTiJtDaGFnA9clYPA,YFxFTn8xUXkl-zhqlESMBw,1,reviewed-same-restaurant
YFxFTn8xUXkl-zhqlESMBw,qBaEKpXuVSWjbeqnU8Brbw,1,reviewed-same-restaurant
qBaEKpXuVSWjbeqnU8Brbw,YFxFTn8xUXkl-zhqlESMBw,1,reviewed-same-restaurant
YFxFTn8xUXkl-zhqlESMBw,PqfxWMsJav8tE5YOiz1xwQ,1,reviewed-same-restaurant
PqfxWMsJav8tE5YOiz1xwQ,YFxFTn8xUXkl-zhqlESMBw,1,reviewed-same-restaurant
YFxFTn8xUXkl-zhqlESMBw,9W5o1uCqYH8uXs0aeC0gng,1,reviewed-same-restaurant
9W5o1uCqYH8uXs0aeC0gng,YFxFTn8xUXkl-zhqlESMBw,1,reviewed-same-restaurant
6zdHISU9sX7DV9uC6f2vvg,VD1zLrgNBcztR10sTpNm3g,1,reviewed-same-restaurant
VD1zLrgNBcztR10sTpNm3g,6zdHISU9sX7DV9uC6f2vvg,1,reviewed-same-restaurant
6zdHISU9sX7DV9uC6f2vvg,8NAN_3kWzNtvXFR01voVbw,1,reviewed-same-restaurant
8NAN_3kWzNtvXFR01voVbw,6zdHISU9sX7DV9uC6f2vvg,1,reviewed-same-restaurant
6zdHISU9sX7DV9uC6f2vvg,t1laGFTiJtDaGFnA9clYPA,1,reviewed-same-restaurant
t1laGFTiJtDaGFnA9clYPA,6zdHISU9sX7DV9uC6f2vvg,1,reviewed-same-restaurant
6zdHISU9sX7DV9uC6f2vvg,qBaEKpXuVSWjbeqnU8Brbw,1,reviewed-same-restaurant
qBaEKpXuVSWjbeqnU8Brbw,6zdHISU9sX7DV9uC6f2vvg,1,reviewed-same-restaurant
6zdHISU9sX7DV9uC6f2vvg,PqfxWMsJav8tE5YOiz1xwQ,1,reviewed-same-restaurant
PqfxWMsJav8tE5YOiz1xwQ,6zdHISU9sX7DV9uC6f2vvg,1,reviewed-same-restaurant
6zdHISU9sX7DV9uC6f2vvg,9W5o1uCqYH8uXs0aeC0gng,1,reviewed-same-restaurant
9W5o1uCqYH8uXs0aeC0gng,6zdHISU9sX7DV9uC6f2vvg,1,reviewed-same-restaurant
VD1zLrgNBcztR10sTpNm3g,8NAN_3kWzNtvXFR01voVbw,1,reviewed-same-restaurant
8NAN_3kWzNtvXFR01voVbw,VD1zLrgNBcztR10sTpNm3g,1,reviewed-same-restaurant
VD1zLrgNBcztR10sTpNm3g,t1laGFTiJtDaGFnA9clYPA,1,reviewed-same-restaurant
t1laGFTiJtDaGFnA9clYPA,VD1zLrgNBcztR10sTpNm3g,1,reviewed-same-restaurant
VD1zLrgNBcztR10sTpNm3g,qBaEKpXuVSWjbeqnU8Brbw,1,reviewed-same-restaurant
qBaEKpXuVSWjbeqnU8Brbw,VD1zLrgNBcztR10sTpNm3g,1,reviewed-same-restaurant
VD1zLrgNBcztR10sTpNm3g,PqfxWMsJav8tE5YOiz1xwQ,1,reviewed-same-restaurant
PqfxWMsJav8tE5YOiz1xwQ,VD1zLrgNBcztR10sTpNm3g,1,reviewed-same-restaurant
VD1zLrgNBcztR10sTpNm3g,9W5o1uCqYH8uXs0aeC0gng,1,reviewed-same-restaurant
9W5o1uCqYH8uXs0aeC0gng,VD1zLrgNBcztR10sTpNm3g,1,reviewed-same-restaurant
8NAN_3kWzNtvXFR01voVbw,t1laGFTiJtDaGFnA9clYPA,1,reviewed-same-restaurant
t1laGFTiJtDaGFnA9clYPA,8NAN_3kWzNtvXFR01voVbw,1,reviewed-same-restaurant
8NAN_3kWzNtvXFR01voVbw,qBaEKpXuVSWjbeqnU8Brbw,1,reviewed-same-restaurant
qBaEKpXuVSWjbeqnU8Brbw,8NAN_3kWzNtvXFR01voVbw,1,reviewed-same-restaurant
8NAN_3kWzNtvXFR01voVbw,PqfxWMsJav8tE5YOiz1xwQ,1,reviewed-same-restaurant
PqfxWMsJav8tE5YOiz1xwQ,8NAN_3kWzNtvXFR01voVbw,1,reviewed-same-restaurant
8NAN_3kWzNtvXFR01voVbw,9W5o1uCqYH8uXs0aeC0gng,1,reviewed-same-restaurant
9W5o1uCqYH8uXs0aeC0gng,8NAN_3kWzNtvXFR01voVbw,1,reviewed-same-restaurant
t1laGFTiJtDaGFnA9clYPA,qBaEKpXuVSWjbeqnU8Brbw,1,reviewed-same-restaurant
qBaEKpXuVSWjbeqnU8Brbw,t1laGFTiJtDaGFnA9clYPA,1,reviewed-same-restaurant
t1laGFTiJtDaGFnA9clYPA,PqfxWMsJav8tE5YOiz1xwQ,1,reviewed-same-restaurant
PqfxWMsJav8tE5YOiz1xwQ,t1laGFTiJtDaGFnA9clYPA,1,reviewed-same-restaurant
t1laGFTiJtDaGFnA9clYPA,9W5o1uCqYH8uXs0aeC0gng,1,reviewed-same-restaurant
9W5o1uCqYH8uXs0aeC0gng,t1laGFTiJtDaGFnA9clYPA,1,reviewed-same-restaurant
qBaEKpXuVSWjbeqnU8Brbw,PqfxWMsJav8tE5YOiz1xwQ,1,reviewed-same-restaurant
PqfxWMsJav8tE5YOiz1xwQ,qBaEKpXuVSWjbeqnU8Brbw,1,reviewed-same-restaurant
qBaEKpXuVSWjbeqnU8Brbw,9W5o1uCqYH8uXs0aeC0gng,1,reviewed-same-restaurant
9W5o1uCqYH8uXs0aeC0gng,qBaEKpXuVSWjbeqnU8Brbw,1,reviewed-same-restaurant
PqfxWMsJav8tE5YOiz1xwQ,9W5o1uCqYH8uXs0aeC0gng,1,reviewed-same-restaurant
9W5o1uCqYH8uXs0aeC0gng,PqfxWMsJav8tE5YOiz1xwQ,1,reviewed-same-restaurant
IQsWpHccX7I6giIGbGx7GQ,ikDYSP8y2J0mw6L22twWnQ,1,reviewed-same-restaurant
ikDYSP8y2J0mw6L22twWnQ,IQsWpHccX7I6giIGbGx7GQ,1,reviewed-same-restaurant
IQsWpHccX7I6giIGbGx7GQ,mIhyBkwPmOBymkDN_zZzxw,1,reviewed-same-restaurant
mIhyBkwPmOBymkDN_zZzxw,IQsWpHccX7I6giIGbGx7GQ,1,reviewed-same-restaurant
IQsWpHccX7I6giIGbGx7GQ,ipjlD-L4w_ktG05iJECxlg,1,reviewed-same-restaurant
ipjlD-L4w_ktG05iJECxlg,IQsWpHccX7I6giIGbGx7GQ,1,reviewed-same-restaurant
IQsWpHccX7I6giIGbGx7GQ,0pao5mV7jHfkTx1Py8YE_A,1,reviewed-same-restaurant
0pao5mV7jHfkTx1Py8YE_A,IQsWpHccX7I6giIGbGx7GQ,1,reviewed-same-restaurant
IQsWpHccX7I6giIGbGx7GQ,bEWmzGhxzOT0RZSadlzbog,1,reviewed-same-restaurant
bEWmzGhxzOT0RZSadlzbog,IQsWpHccX7I6giIGbGx7GQ,1,reviewed-same-restaurant
ikDYSP8y2J0mw6L22twWnQ,mIhyBkwPmOBymkDN_zZzxw,1,reviewed-same-restaurant
mIhyBkwPmOBymkDN_zZzxw,ikDYSP8y2J0mw6L22twWnQ,1,reviewed-same-restaurant
ikDYSP8y2J0mw6L22twWnQ,ipjlD-L4w_ktG05iJECxlg,1,reviewed-same-restaurant
ipjlD-L4w_ktG05iJECxlg,ikDYSP8y2J0mw6L22twWnQ,1,reviewed-same-restaurant
ikDYSP8y2J0mw6L22twWnQ,0pao5mV7jHfkTx1Py8YE_A,1,reviewed-same-restaurant
0pao5mV7jHfkTx1Py8YE_A,ikDYSP8y2J0mw6L22twWnQ,1,reviewed-same-restaurant
ikDYSP8y2J0mw6L22twWnQ,bEWmzGhxzOT0RZSadlzbog,1,reviewed-same-restaurant
bEWmzGhxzOT0RZSadlzbog,ikDYSP8y2J0mw6L22twWnQ,1,reviewed-same-restaurant
mIhyBkwPmOBymkDN_zZzxw,ipjlD-L4w_ktG05iJECxlg,1,reviewed-same-restaurant
ipjlD-L4w_ktG05iJECxlg,mIhyBkwPmOBymkDN_zZzxw,1,reviewed-same-restaurant
mIhyBkwPmOBymkDN_zZzxw,0pao5mV7jHfkTx1Py8YE_A,1,reviewed-same-restaurant
0pao5mV7jHfkTx1Py8YE_A,mIhyBkwPmOBymkDN_zZzxw,1,reviewed-same-restaurant
mIhyBkwPmOBymkDN_zZzxw,bEWmzGhxzOT0RZSadlzbog,1,reviewed-same-restaurant
bEWmzGhxzOT0RZSadlzbog,mIhyBkwPmOBymkDN_zZzxw,1,reviewed-same-restaurant
ipjlD-L4w_ktG05iJECxlg,0pao5mV7jHfkTx1Py8YE_A,1,reviewed-same-restaurant
0pao5mV7jHfkTx1Py8YE_A,ipjlD-L4w_ktG05iJECxlg,1,reviewed-same-restaurant
ipjlD-L4w_ktG05iJECxlg,bEWmzGhxzOT0RZSadlzbog,1,reviewed-same-restaurant
bEWmzGhxzOT0RZSadlzbog,ipjlD-L4w_ktG05iJECxlg,1,reviewed-same-restaurant
0pao5mV7jHfkTx1Py8YE_A,bEWmzGhxzOT0RZSadlzbog,1,reviewed-same-restaurant
bEWmzGhxzOT0RZSadlzbog,0pao5mV7jHfkTx1Py8YE_A,1,reviewed-same-restaurant
x21qazD-sSJKNX7y0zSWOg,ACTPdn2LptJs-_h2otioZg,1,reviewed-same-restaurant
ACTPdn2LptJs-_h2otioZg,x21qazD-sSJKNX7y0zSWOg,1,reviewed-same-restaurant
x21qazD-sSJKNX7y0zSWOg,h3S3vzF8H5VmPNUzfPLCag,1,reviewed-same-restaurant
h3S3vzF8H5VmPNUzfPLCag,x21qazD-sSJKNX7y0zSWOg,1,reviewed-same-restaurant
x21qazD-sSJKNX7y0zSWOg,ybc05luhM2JQiO6hT0kt2A,1,reviewed-same-restaurant
ybc05luhM2JQiO6hT0kt2A,x21qazD-sSJKNX7y0zSWOg,1,reviewed-same-restaurant
x21qazD-sSJKNX7y0zSWOg,HL6sLHx2nyKFos471H1JyQ,1,reviewed-same-restaurant
HL6sLHx2nyKFos471H1JyQ,x21qazD-sSJKNX7y0zSWOg,1,reviewed-same-restaurant
x21qazD-sSJKNX7y0zSWOg,ROdQcyL8H7BnK0h3-cG9BQ,1,reviewed-same-restaurant
ROdQcyL8H7BnK0h3-cG9BQ,x21qazD-sSJKNX7y0zSWOg,1,reviewed-same-restaurant
x21qazD-sSJKNX7y0zSWOg,HR5TCqAjP9rlM_n_BA0JfA,1,reviewed-same-restaurant
HR5TCqAjP9rlM_n_BA0JfA,x21qazD-sSJKNX7y0zSWOg,1,reviewed-same-restaurant
x21qazD-sSJKNX7y0zSWOg,Wnuy1CGp4KCkaR9OY8QKjA,1,reviewed-same-restaurant
Wnuy1CGp4KCkaR9OY8QKjA,x21qazD-sSJKNX7y0zSWOg,1,reviewed-same-restaurant
ACTPdn2LptJs-_h2otioZg,h3S3vzF8H5VmPNUzfPLCag,1,reviewed-same-restaurant
h3S3vzF8H5VmPNUzfPLCag,ACTPdn2LptJs-_h2otioZg,1,reviewed-same-restaurant
ACTPdn2LptJs-_h2otioZg,ybc05luhM2JQiO6hT0kt2A,1,reviewed-same-restaurant
ybc05luhM2JQiO6hT0kt2A,ACTPdn2LptJs-_h2otioZg,1,reviewed-same-restaurant
ACTPdn2LptJs-_h2otioZg,HL6sLHx2nyKFos471H1JyQ,1,reviewed-same-restaurant
HL6sLHx2nyKFos471H1JyQ,ACTPdn2LptJs-_h2otioZg,1,reviewed-same-restaurant
ACTPdn2LptJs-_h2otioZg,ROdQcyL8H7BnK0h3-cG9BQ,1,reviewed-same-restaurant
ROdQcyL8H7BnK0h3-cG9BQ,ACTPdn2LptJs-_h2otioZg,1,reviewed-same-restaurant
ACTPdn2LptJs-_h2otioZg,HR5TCqAjP9rlM_n_BA0JfA,1,reviewed-same-restaurant
HR5TCqAjP9rlM_n_BA0JfA,ACTPdn2LptJs-_h2otioZg,1,reviewed-same-restaurant
ACTPdn2LptJs-_h2otioZg,Wnuy1CGp4KCkaR9OY8QKjA,1,reviewed-same-restaurant
Wnuy1CGp4KCkaR9OY8QKjA,ACTPdn2LptJs-_h2otioZg,1,reviewed-same-restaurant
h3S3vzF8H5VmPNUzfPLCag,ybc05luhM2JQiO6hT0kt2A,1,reviewed-same-restaurant
ybc05luhM2JQiO6hT0kt2A,h3S3vzF8H5VmPNUzfPLCag,1,reviewed-same-restaurant
h3S3vzF8H5VmPNUzfPLCag,HL6sLHx2nyKFos471H1JyQ,1,reviewed-same-restaurant
HL6sLHx2nyKFos471H1JyQ,h3S3vzF8H5VmPNUzfPLCag,1,reviewed-same-restaurant
h3S3vzF8H5VmPNUzfPLCag,ROdQcyL8H7BnK0h3-cG9BQ,1,reviewed-same-restaurant
ROdQcyL8H7BnK0h3-cG9BQ,h3S3vzF8H5VmPNUzfPLCag,1,reviewed-same-restaurant
h3S3vzF8H5VmPNUzfPLCag,HR5TCqAjP9rlM_n_BA0JfA,1,reviewed-same-restaurant
HR5TCqAjP9rlM_n_BA0JfA,h3S3vzF8H5VmPNUzfPLCag,1,reviewed-same-restaurant
h3S3vzF8H5VmPNUzfPLCag,Wnuy1CGp4KCkaR9OY8QKjA,1,reviewed-same-restaurant
Wnuy1CGp4KCkaR9OY8QKjA,h3S3vzF8H5VmPNUzfPLCag,1,reviewed-same-restaurant
ybc05luhM2JQiO6hT0kt2A,HL6sLHx2nyKFos471H1JyQ,1,reviewed-same-restaurant
HL6sLHx2nyKFos471H1JyQ,ybc05luhM2JQiO6hT0kt2A,1,reviewed-same-restaurant
ybc05luhM2JQiO6hT0kt2A,ROdQcyL8H7BnK0h3-cG9BQ,1,reviewed-same-restaurant
ROdQcyL8H7BnK0h3-cG9BQ,ybc05luhM2JQiO6hT0kt2A,1,reviewed-same-restaurant
ybc05luhM2JQiO6hT0kt2A,HR5TCqAjP9rlM_n_BA0JfA,1,reviewed-same-restaurant
HR5TCqAjP9rlM_n_BA0JfA,ybc05luhM2JQiO6hT0kt2A,1,reviewed-same-restaurant
ybc05luhM2JQiO6hT0kt2A,Wnuy1CGp4KCkaR9OY8QKjA,1,reviewed-same-restaurant
Wnuy1CGp4KCkaR9OY8QKjA,ybc05luhM2JQiO6hT0kt2A,1,reviewed-same-restaurant
HL6sLHx2nyKFos471H1JyQ,ROdQcyL8H7BnK0h3-cG9BQ,1,reviewed-same-restaurant
ROdQcyL8H7BnK0h3-cG9BQ,HL6sLHx2nyKFos471H1JyQ,1,reviewed-same-restaurant
HL6sLHx2nyKFos471H1JyQ,HR5TCqAjP9rlM_n_BA0JfA,1,reviewed-same-restaurant
HR5TCqAjP9rlM_n_BA0JfA,HL6sLHx2nyKFos471H1JyQ,1,reviewed-same-restaurant
HL6sLHx2nyKFos471H1JyQ,Wnuy1CGp4KCkaR9OY8QKjA,1,reviewed-same-restaurant
Wnuy1CGp4KCkaR9OY8QKjA,HL6sLHx2nyKFos471H1JyQ,1,reviewed-same-restaurant
ROdQcyL8H7BnK0h3-cG9BQ,HR5TCqAjP9rlM_n_BA0JfA,1,reviewed-same-restaurant
HR5TCqAjP9rlM_n_BA0JfA,ROdQcyL8H7BnK0h3-cG9BQ,1,reviewed-same-restaurant
ROdQcyL8H7BnK0h3-cG9BQ,Wnuy1CGp4KCkaR9OY8QKjA,1,reviewed-same-restaurant
Wnuy1CGp4KCkaR9OY8QKjA,ROdQcyL8H7BnK0h3-cG9BQ,1,reviewed-same-restaurant
HR5TCqAjP9rlM_n_BA0JfA,Wnuy1CGp4KCkaR9OY8QKjA,1,reviewed-same-restaurant
Wnuy1CGp4KCkaR9OY8QKjA,HR5TCqAjP9rlM_n_BA0JfA,1,reviewed-same-restaurant
mNYpkSBZATDyKMbDEDyoOA,xlgssuC3d-IN2-jfXfwm5A,1,reviewed-same-restaurant
xlgssuC3d-IN2-jfXfwm5A,mNYpkSBZATDyKMbDEDyoOA,1,reviewed-same-restaurant
mNYpkSBZATDyKMbDEDyoOA,nZhmPaZrHgF4N1shnL3T6g,1,reviewed-same-restaurant
nZhmPaZrHgF4N1shnL3T6g,mNYpkSBZATDyKMbDEDyoOA,1,reviewed-same-restaurant
mNYpkSBZATDyKMbDEDyoOA,FpZQNN3d0c06eozeLYbqTQ,1,reviewed-same-restaurant
FpZQNN3d0c06eozeLYbqTQ,mNYpkSBZATDyKMbDEDyoOA,1,reviewed-same-restaurant
mNYpkSBZATDyKMbDEDyoOA,vJH0qpV7sTxVHlH7n8iUXA,1,reviewed-same-restaurant
vJH0qpV7sTxVHlH7n8iUXA,mNYpkSBZATDyKMbDEDyoOA,1,reviewed-same-restaurant
mNYpkSBZATDyKMbDEDyoOA,DesdS3JFnf2eHfJd7qAiPw,1,reviewed-same-restaurant
DesdS3JFnf2eHfJd7qAiPw,mNYpkSBZATDyKMbDEDyoOA,1,reviewed-same-restaurant
mNYpkSBZATDyKMbDEDyoOA,vHsb8W0HLgd30wcvmBOdHw,1,reviewed-same-restaurant
vHsb8W0HLgd30wcvmBOdHw,mNYpkSBZATDyKMbDEDyoOA,1,reviewed-same-restaurant
mNYpkSBZATDyKMbDEDyoOA,vG73PwW2u43An4_b4CGSuA,1,reviewed-same-restaurant
vG73PwW2u43An4_b4CGSuA,mNYpkSBZATDyKMbDEDyoOA,1,reviewed-same-restaurant
mNYpkSBZATDyKMbDEDyoOA,31N3UJj6j8D7zKxFaSVyXw,1,reviewed-same-restaurant
31N3UJj6j8D7zKxFaSVyXw,mNYpkSBZATDyKMbDEDyoOA,1,reviewed-same-restaurant
xlgssuC3d-IN2-jfXfwm5A,nZhmPaZrHgF4N1shnL3T6g,1,reviewed-same-restaurant
nZhmPaZrHgF4N1shnL3T6g,xlgssuC3d-IN2-jfXfwm5A,1,reviewed-same-restaurant
xlgssuC3d-IN2-jfXfwm5A,FpZQNN3d0c06eozeLYbqTQ,1,reviewed-same-restaurant
FpZQNN3d0c06eozeLYbqTQ,xlgssuC3d-IN2-jfXfwm5A,1,reviewed-same-restaurant
xlgssuC3d-IN2-jfXfwm5A,vJH0qpV7sTxVHlH7n8iUXA,1,reviewed-same-restaurant
vJH0qpV7sTxVHlH7n8iUXA,xlgssuC3d-IN2-jfXfwm5A,1,reviewed-same-restaurant
xlgssuC3d-IN2-jfXfwm5A,DesdS3JFnf2eHfJd7qAiPw,1,reviewed-same-restaurant
DesdS3JFnf2eHfJd7qAiPw,xlgssuC3d-IN2-jfXfwm5A,1,reviewed-same-restaurant
xlgssuC3d-IN2-jfXfwm5A,vHsb8W0HLgd30wcvmBOdHw,1,reviewed-same-restaurant
vHsb8W0HLgd30wcvmBOdHw,xlgssuC3d-IN2-jfXfwm5A,1,reviewed-same-restaurant
xlgssuC3d-IN2-jfXfwm5A,vG73PwW2u43An4_b4CGSuA,1,reviewed-same-restaurant
vG73PwW2u43An4_b4CGSuA,xlgssuC3d-IN2-jfXfwm5A,1,reviewed-same-restaurant
xlgssuC3d-IN2-jfXfwm5A,31N3UJj6j8D7zKxFaSVyXw,1,reviewed-same-restaurant
31N3UJj6j8D7zKxFaSVyXw,xlgssuC3d-IN2-jfXfwm5A,1,reviewed-same-restaurant
nZhmPaZrHgF4N1shnL3T6g,FpZQNN3d0c06eozeLYbqTQ,1,reviewed-same-restaurant
FpZQNN3d0c06eozeLYbqTQ,nZhmPaZrHgF4N1shnL3T6g,1,reviewed-same-restaurant
nZhmPaZrHgF4N1shnL3T6g,vJH0qpV7sTxVHlH7n8iUXA,1,reviewed-same-restaurant
vJH0qpV7sTxVHlH7n8iUXA,nZhmPaZrHgF4N1shnL3T6g,1,reviewed-same-restaurant
nZhmPaZrHgF4N1shnL3T6g,DesdS3JFnf2eHfJd7qAiPw,1,reviewed-same-restaurant
DesdS3JFnf2eHfJd7qAiPw,nZhmPaZrHgF4N1shnL3T6g,1,reviewed-same-restaurant
nZhmPaZrHgF4N1shnL3T6g,vHsb8W0HLgd30wcvmBOdHw,1,reviewed-same-restaurant
vHsb8W0HLgd30wcvmBOdHw,nZhmPaZrHgF4N1shnL3T6g,1,reviewed-same-restaurant
nZhmPaZrHgF4N1shnL3T6g,vG73PwW2u43An4_b4CGSuA,1,reviewed-same-restaurant
vG73PwW2u43An4_b4CGSuA,nZhmPaZrHgF4N1shnL3T6g,1,reviewed-same-restaurant
nZhmPaZrHgF4N1shnL3T6g,31N3UJj6j8D7zKxFaSVyXw,1,reviewed-same-restaurant
31N3UJj6j8D7zKxFaSVyXw,nZhmPaZrHgF4N1shnL3T6g,1,reviewed-same-restaurant
FpZQNN3d0c06eozeLYbqTQ,vJH0qpV7sTxVHlH7n8iUXA,1,reviewed-same-restaurant
vJH0qpV7sTxVHlH7n8iUXA,FpZQNN3d0c06eozeLYbqTQ,1,reviewed-same-restaurant
FpZQNN3d0c06eozeLYbqTQ,DesdS3JFnf2eHfJd7qAiPw,1,reviewed-same-restaurant
DesdS3JFnf2eHfJd7qAiPw,FpZQNN3d0c06eozeLYbqTQ,1,reviewed-same-restaurant
FpZQNN3d0c06eozeLYbqTQ,vHsb8W0HLgd30wcvmBOdHw,1,reviewed-same-restaurant
vHsb8W0HLgd30wcvmBOdHw,FpZQNN3d0c06eozeLYbqTQ,1,reviewed-same-restaurant
FpZQNN3d0c06eozeLYbqTQ,vG73PwW2u43An4_b4CGSuA,1,reviewed-same-restaurant
vG73PwW2u43An4_b4CGSuA,FpZQNN3d0c06eozeLYbqTQ,1,reviewed-same-restaurant
FpZQNN3d0c06eozeLYbqTQ,31N3UJj6j8D7zKxFaSVyXw,1,reviewed-same-restaurant
31N3UJj6j8D7zKxFaSVyXw,FpZQNN3d0c06eozeLYbqTQ,1,reviewed-same-restaurant
vJH0qpV7sTxVHlH7n8iUXA,DesdS3JFnf2eHfJd7qAiPw,1,reviewed-same-restaurant
DesdS3JFnf2eHfJd7qAiPw,vJH0qpV7sTxVHlH7n8iUXA,1,reviewed-same-restaurant
vJH0qpV7sTxVHlH7n8iUXA,vHsb8W0HLgd30wcvmBOdHw,1,reviewed-same-restaurant
vHsb8W0HLgd30wcvmBOdHw,vJH0qpV7sTxVHlH7n8iUXA,1,reviewed-same-restaurant
vJH0qpV7sTxVHlH7n8iUXA,vG73PwW2u43An4_b4CGSuA,1,reviewed-same-restaurant
vG73PwW2u43An4_b4CGSuA,vJH0qpV7sTxVHlH7n8iUXA,1,reviewed-same-restaurant
vJH0qpV7sTxVHlH7n8iUXA,31N3UJj6j8D7zKxFaSVyXw,1,reviewed-same-restaurant
31N3UJj6j8D7zKxFaSVyXw,vJH0qpV7sTxVHlH7n8iUXA,1,reviewed-same-restaurant
DesdS3JFnf2eHfJd7qAiPw,vHsb8W0HLgd30wcvmBOdHw,1,reviewed-same-restaurant
vHsb8W0HLgd30wcvmBOdHw,DesdS3JFnf2eHfJd7qAiPw,1,reviewed-same-restaurant
DesdS3JFnf2eHfJd7qAiPw,vG73PwW2u43An4_b4CGSuA,1,reviewed-same-restaurant
vG73PwW2u43An4_b4CGSuA,DesdS3JFnf2eHfJd7qAiPw,1,reviewed-same-restaurant
DesdS3JFnf2eHfJd7qAiPw,31N3UJj6j8D7zKxFaSVyXw,1,reviewed-same-restaurant
31N3UJj6j8D7zKxFaSVyXw,DesdS3JFnf2eHfJd7qAiPw,1,reviewed-same-restaurant
vHsb8W0HLgd30wcvmBOdHw,vG73PwW2u43An4_b4CGSuA,1,reviewed-same-restaurant
vG73PwW2u43An4_b4CGSuA,vHsb8W0HLgd30wcvmBOdHw,1,reviewed-same-restaurant
vHsb8W0HLgd30wcvmBOdHw,31N3UJj6j8D7zKxFaSVyXw,1,reviewed-same-restaurant
31N3UJj6j8D7zKxFaSVyXw,vHsb8W0HLgd30wcvmBOdHw,1,reviewed-same-restaurant
vG73PwW2u43An4_b4CGSuA,31N3UJj6j8D7zKxFaSVyXw,1,reviewed-same-restaurant
31N3UJj6j8D7zKxFaSVyXw,vG73PwW2u43An4_b4CGSuA,1,reviewed-same-restaurant
e15MFHa46RwR4J7hQFNeQQ,HnziyG9F5PxAscAgrbaqOA,1,reviewed-same-restaurant
HnziyG9F5PxAscAgrbaqOA,e15MFHa46RwR4J7hQFNeQQ,1,reviewed-same-restaurant
e15MFHa46RwR4J7hQFNeQQ,55NM98uFBptY9NDlvLXikg,1,reviewed-same-restaurant
55NM98uFBptY9NDlvLXikg,e15MFHa46RwR4J7hQFNeQQ,1,reviewed-same-restaurant
e15MFHa46RwR4J7hQFNeQQ,bnVzSHI48lEHPaEzZNIqJg,1,reviewed-same-restaurant
bnVzSHI48lEHPaEzZNIqJg,e15MFHa46RwR4J7hQFNeQQ,1,reviewed-same-restaurant
e15MFHa46RwR4J7hQFNeQQ,QPS9NVkBuSuHjK3cTLbyMw,1,reviewed-same-restaurant
QPS9NVkBuSuHjK3cTLbyMw,e15MFHa46RwR4J7hQFNeQQ,1,reviewed-same-restaurant
e15MFHa46RwR4J7hQFNeQQ,8o5qyA1Axxnp0YREKE2hFA,1,reviewed-same-restaurant
8o5qyA1Axxnp0YREKE2hFA,e15MFHa46RwR4J7hQFNeQQ,1,reviewed-same-restaurant
e15MFHa46RwR4J7hQFNeQQ,5AfZjChiQ3xMJDtSgwIyWA,1,reviewed-same-restaurant
5AfZjChiQ3xMJDtSgwIyWA,e15MFHa46RwR4J7hQFNeQQ,1,reviewed-same-restaurant
e15MFHa46RwR4J7hQFNeQQ,jTp8rRtsFoq01Juv2R0pzw,1,reviewed-same-restaurant
jTp8rRtsFoq01Juv2R0pzw,e15MFHa46RwR4J7hQFNeQQ,1,reviewed-same-restaurant
e15MFHa46RwR4J7hQFNeQQ,mKBl4fAqTfNts7B78aOPVg,1,reviewed-same-restaurant
mKBl4fAqTfNts7B78aOPVg,e15MFHa46RwR4J7hQFNeQQ,1,reviewed-same-restaurant
e15MFHa46RwR4J7hQFNeQQ,LPcgvhiZYoPF60YbG2TcvA,1,reviewed-same-restaurant
LPcgvhiZYoPF60YbG2TcvA,e15MFHa46RwR4J7hQFNeQQ,1,reviewed-same-restaurant
HnziyG9F5PxAscAgrbaqOA,55NM98uFBptY9NDlvLXikg,1,reviewed-same-restaurant
55NM98uFBptY9NDlvLXikg,HnziyG9F5PxAscAgrbaqOA,1,reviewed-same-restaurant
HnziyG9F5PxAscAgrbaqOA,bnVzSHI48lEHPaEzZNIqJg,1,reviewed-same-restaurant
bnVzSHI48lEHPaEzZNIqJg,HnziyG9F5PxAscAgrbaqOA,1,reviewed-same-restaurant
HnziyG9F5PxAscAgrbaqOA,QPS9NVkBuSuHjK3cTLbyMw,1,reviewed-same-restaurant
QPS9NVkBuSuHjK3cTLbyMw,HnziyG9F5PxAscAgrbaqOA,1,reviewed-same-restaurant
HnziyG9F5PxAscAgrbaqOA,8o5qyA1Axxnp0YREKE2hFA,1,reviewed-same-restaurant
8o5qyA1Axxnp0YREKE2hFA,HnziyG9F5PxAscAgrbaqOA,1,reviewed-same-restaurant
HnziyG9F5PxAscAgrbaqOA,5AfZjChiQ3xMJDtSgwIyWA,1,reviewed-same-restaurant
5AfZjChiQ3xMJDtSgwIyWA,HnziyG9F5PxAscAgrbaqOA,1,reviewed-same-restaurant
HnziyG9F5PxAscAgrbaqOA,jTp8rRtsFoq01Juv2R0pzw,1,reviewed-same-restaurant
jTp8rRtsFoq01Juv2R0pzw,HnziyG9F5PxAscAgrbaqOA,1,reviewed-same-restaurant
HnziyG9F5PxAscAgrbaqOA,mKBl4fAqTfNts7B78aOPVg,1,reviewed-same-restaurant
mKBl4fAqTfNts7B78aOPVg,HnziyG9F5PxAscAgrbaqOA,1,reviewed-same-restaurant
HnziyG9F5PxAscAgrbaqOA,LPcgvhiZYoPF60YbG2TcvA,1,reviewed-same-restaurant
LPcgvhiZYoPF60YbG2TcvA,HnziyG9F5PxAscAgrbaqOA,1,reviewed-same-restaurant
55NM98uFBptY9NDlvLXikg,bnVzSHI48lEHPaEzZNIqJg,1,reviewed-same-restaurant
bnVzSHI48lEHPaEzZNIqJg,55NM98uFBptY9NDlvLXikg,1,reviewed-same-restaurant
55NM98uFBptY9NDlvLXikg,QPS9NVkBuSuHjK3cTLbyMw,1,reviewed-same-restaurant
QPS9NVkBuSuHjK3cTLbyMw,55NM98uFBptY9NDlvLXikg,1,reviewed-same-restaurant
55NM98uFBptY9NDlvLXikg,8o5qyA1Axxnp0YREKE2hFA,1,reviewed-same-restaurant
8o5qyA1Axxnp0YREKE2hFA,55NM98uFBptY9NDlvLXikg,1,reviewed-same-restaurant
55NM98uFBptY9NDlvLXikg,5AfZjChiQ3xMJDtSgwIyWA,1,reviewed-same-restaurant
5AfZjChiQ3xMJDtSgwIyWA,55NM98uFBptY9NDlvLXikg,1,reviewed-same-restaurant
55NM98uFBptY9NDlvLXikg,jTp8rRtsFoq01Juv2R0pzw,1,reviewed-same-restaurant
jTp8rRtsFoq01Juv2R0pzw,55NM98uFBptY9NDlvLXikg,1,reviewed-same-restaurant
55NM98uFBptY9NDlvLXikg,mKBl4fAqTfNts7B78aOPVg,1,reviewed-same-restaurant
mKBl4fAqTfNts7B78aOPVg,55NM98uFBptY9NDlvLXikg,1,reviewed-same-restaurant
55NM98uFBptY9NDlvLXikg,LPcgvhiZYoPF60YbG2TcvA,1,reviewed-same-restaurant
LPcgvhiZYoPF60YbG2TcvA,55NM98uFBptY9NDlvLXikg,1,reviewed-same-restaurant
bnVzSHI48lEHPaEzZNIqJg,QPS9NVkBuSuHjK3cTLbyMw,1,reviewed-same-restaurant
QPS9NVkBuSuHjK3cTLbyMw,bnVzSHI48lEHPaEzZNIqJg,1,reviewed-same-restaurant
bnVzSHI48lEHPaEzZNIqJg,8o5qyA1Axxnp0YREKE2hFA,1,reviewed-same-restaurant
8o5qyA1Axxnp0YREKE2hFA,bnVzSHI48lEHPaEzZNIqJg,1,reviewed-same-restaurant
bnVzSHI48lEHPaEzZNIqJg,5AfZjChiQ3xMJDtSgwIyWA,1,reviewed-same-restaurant
5AfZjChiQ3xMJDtSgwIyWA,bnVzSHI48lEHPaEzZNIqJg,1,reviewed-same-restaurant
bnVzSHI48lEHPaEzZNIqJg,jTp8rRtsFoq01Juv2R0pzw,1,reviewed-same-restaurant
jTp8rRtsFoq01Juv2R0pzw,bnVzSHI48lEHPaEzZNIqJg,1,reviewed-same-restaurant
bnVzSHI48lEHPaEzZNIqJg,mKBl4fAqTfNts7B78aOPVg,1,reviewed-same-restaurant
mKBl4fAqTfNts7B78aOPVg,bnVzSHI48lEHPaEzZNIqJg,1,reviewed-same-restaurant
bnVzSHI48lEHPaEzZNIqJg,LPcgvhiZYoPF60YbG2TcvA,1,reviewed-same-restaurant
LPcgvhiZYoPF60YbG2TcvA,bnVzSHI48lEHPaEzZNIqJg,1,reviewed-same-restaurant
QPS9NVkBuSuHjK3cTLbyMw,8o5qyA1Axxnp0YREKE2hFA,1,reviewed-same-restaurant
8o5qyA1Axxnp0YREKE2hFA,QPS9NVkBuSuHjK3cTLbyMw,1,reviewed-same-restaurant
QPS9NVkBuSuHjK3cTLbyMw,5AfZjChiQ3xMJDtSgwIyWA,1,reviewed-same-restaurant
5AfZjChiQ3xMJDtSgwIyWA,QPS9NVkBuSuHjK3cTLbyMw,1,reviewed-same-restaurant
QPS9NVkBuSuHjK3cTLbyMw,jTp8rRtsFoq01Juv2R0pzw,1,reviewed-same-restaurant
jTp8rRtsFoq01Juv2R0pzw,QPS9NVkBuSuHjK3cTLbyMw,1,reviewed-same-restaurant
QPS9NVkBuSuHjK3cTLbyMw,mKBl4fAqTfNts7B78aOPVg,1,reviewed-same-restaurant
mKBl4fAqTfNts7B78aOPVg,QPS9NVkBuSuHjK3cTLbyMw,1,reviewed-same-restaurant
QPS9NVkBuSuHjK3cTLbyMw,LPcgvhiZYoPF60YbG2TcvA,1,reviewed-same-restaurant
LPcgvhiZYoPF60YbG2TcvA,QPS9NVkBuSuHjK3cTLbyMw,1,reviewed-same-restaurant
8o5qyA1Axxnp0YREKE2hFA,5AfZjChiQ3xMJDtSgwIyWA,1,reviewed-same-restaurant
5AfZjChiQ3xMJDtSgwIyWA,8o5qyA1Axxnp0YREKE2hFA,1,reviewed-same-restaurant
8o5qyA1Axxnp0YREKE2hFA,jTp8rRtsFoq01Juv2R0pzw,1,reviewed-same-restaurant
jTp8rRtsFoq01Juv2R0pzw,8o5qyA1Axxnp0YREKE2hFA,1,reviewed-same-restaurant
8o5qyA1Axxnp0YREKE2hFA,mKBl4fAqTfNts7B78aOPVg,1,reviewed-same-restaurant
mKBl4fAqTfNts7B78aOPVg,8o5qyA1Axxnp0YREKE2hFA,1,reviewed-same-restaurant
8o5qyA1Axxnp0YREKE2hFA,LPcgvhiZYoPF60YbG2TcvA,1,reviewed-same-restaurant
LPcgvhiZYoPF60YbG2TcvA,8o5qyA1Axxnp0YREKE2hFA,1,reviewed-same-restaurant
5AfZjChiQ3xMJDtSgwIyWA,jTp8rRtsFoq01Juv2R0pzw,1,reviewed-same-restaurant
jTp8rRtsFoq01Juv2R0pzw,5AfZjChiQ3xMJDtSgwIyWA,1,reviewed-same-restaurant
5AfZjChiQ3xMJDtSgwIyWA,mKBl4fAqTfNts7B78aOPVg,1,reviewed-same-restaurant
mKBl4fAqTfNts7B78aOPVg,5AfZjChiQ3xMJDtSgwIyWA,1,reviewed-same-restaurant
5AfZjChiQ3xMJDtSgwIyWA,LPcgvhiZYoPF60YbG2TcvA,1,reviewed-same-restaurant
LPcgvhiZYoPF60YbG2TcvA,5AfZjChiQ3xMJDtSgwIyWA,1,reviewed-same-restaurant
jTp8rRtsFoq01Juv2R0pzw,mKBl4fAqTfNts7B78aOPVg,1,reviewed-same-restaurant
mKBl4fAqTfNts7B78aOPVg,jTp8rRtsFoq01Juv2R0pzw,1,reviewed-same-restaurant
jTp8rRtsFoq01Juv2R0pzw,LPcgvhiZYoPF60YbG2TcvA,1,reviewed-same-restaurant
LPcgvhiZYoPF60YbG2TcvA,jTp8rRtsFoq01Juv2R0pzw,1,reviewed-same-restaurant
mKBl4fAqTfNts7B78aOPVg,LPcgvhiZYoPF60YbG2TcvA,1,reviewed-same-restaurant
LPcgvhiZYoPF60YbG2TcvA,mKBl4fAqTfNts7B78aOPVg,1,reviewed-same-restaurant
-30fJcjN-e653dEhZjDbfw,ZHoUTmhvgmz7E_AXOM5_rA,1,reviewed-same-restaurant
ZHoUTmhvgmz7E_AXOM5_rA,-30fJcjN-e653dEhZjDbfw,1,reviewed-same-restaurant
-30fJcjN-e653dEhZjDbfw,ag8PP6klRTnlPIuXva6FpA,1,reviewed-same-restaurant
ag8PP6klRTnlPIuXva6FpA,-30fJcjN-e653dEhZjDbfw,1,reviewed-same-restaurant
-30fJcjN-e653dEhZjDbfw,tt5gvIjsPjknaKSNoiseSg,1,reviewed-same-restaurant
tt5gvIjsPjknaKSNoiseSg,-30fJcjN-e653dEhZjDbfw,1,reviewed-same-restaurant
-30fJcjN-e653dEhZjDbfw,z7NnbVwYPe3olm_UBRn14A,1,reviewed-same-restaurant
z7NnbVwYPe3olm_UBRn14A,-30fJcjN-e653dEhZjDbfw,1,reviewed-same-restaurant
ZHoUTmhvgmz7E_AXOM5_rA,ag8PP6klRTnlPIuXva6FpA,1,reviewed-same-restaurant
ag8PP6klRTnlPIuXva6FpA,ZHoUTmhvgmz7E_AXOM5_rA,1,reviewed-same-restaurant
ZHoUTmhvgmz7E_AXOM5_rA,tt5gvIjsPjknaKSNoiseSg,1,reviewed-same-restaurant
tt5gvIjsPjknaKSNoiseSg,ZHoUTmhvgmz7E_AXOM5_rA,1,reviewed-same-restaurant
ZHoUTmhvgmz7E_AXOM5_rA,z7NnbVwYPe3olm_UBRn14A,1,reviewed-same-restaurant
z7NnbVwYPe3olm_UBRn14A,ZHoUTmhvgmz7E_AXOM5_rA,1,reviewed-same-restaurant
ag8PP6klRTnlPIuXva6FpA,tt5gvIjsPjknaKSNoiseSg,1,reviewed-same-restaurant
tt5gvIjsPjknaKSNoiseSg,ag8PP6klRTnlPIuXva6FpA,1,reviewed-same-restaurant
ag8PP6klRTnlPIuXva6FpA,z7NnbVwYPe3olm_UBRn14A,1,reviewed-same-restaurant
z7NnbVwYPe3olm_UBRn14A,ag8PP6klRTnlPIuXva6FpA,1,reviewed-same-restaurant
tt5gvIjsPjknaKSNoiseSg,z7NnbVwYPe3olm_UBRn14A,1,reviewed-same-restaurant
z7NnbVwYPe3olm_UBRn14A,tt5gvIjsPjknaKSNoiseSg,1,reviewed-same-restaurant
Bb7DZTdEXDX-UmYeaAbtqQ,cGqZLdsU16J_UM-X5BsR2w,1,reviewed-same-restaurant
cGqZLdsU16J_UM-X5BsR2w,Bb7DZTdEXDX-UmYeaAbtqQ,1,reviewed-same-restaurant
Bb7DZTdEXDX-UmYeaAbtqQ,wqi3BU5MJPYp4wFXBRnrgg,1,reviewed-same-restaurant
wqi3BU5MJPYp4wFXBRnrgg,Bb7DZTdEXDX-UmYeaAbtqQ,1,reviewed-same-restaurant
Bb7DZTdEXDX-UmYeaAbtqQ,RQTultuEFCaxLmCbsE6IPQ,1,reviewed-same-restaurant
RQTultuEFCaxLmCbsE6IPQ,Bb7DZTdEXDX-UmYeaAbtqQ,1,reviewed-same-restaurant
Bb7DZTdEXDX-UmYeaAbtqQ,29aKnf4_uYRZhcKe0VmCUg,1,reviewed-same-restaurant
29aKnf4_uYRZhcKe0VmCUg,Bb7DZTdEXDX-UmYeaAbtqQ,1,reviewed-same-restaurant
cGqZLdsU16J_UM-X5BsR2w,wqi3BU5MJPYp4wFXBRnrgg,1,reviewed-same-restaurant
wqi3BU5MJPYp4wFXBRnrgg,cGqZLdsU16J_UM-X5BsR2w,1,reviewed-same-restaurant
cGqZLdsU16J_UM-X5BsR2w,RQTultuEFCaxLmCbsE6IPQ,1,reviewed-same-restaurant
RQTultuEFCaxLmCbsE6IPQ,cGqZLdsU16J_UM-X5BsR2w,1,reviewed-same-restaurant
cGqZLdsU16J_UM-X5BsR2w,29aKnf4_uYRZhcKe0VmCUg,1,reviewed-same-restaurant
29aKnf4_uYRZhcKe0VmCUg,cGqZLdsU16J_UM-X5BsR2w,1,reviewed-same-restaurant
wqi3BU5MJPYp4wFXBRnrgg,RQTultuEFCaxLmCbsE6IPQ,1,reviewed-same-restaurant
RQTultuEFCaxLmCbsE6IPQ,wqi3BU5MJPYp4wFXBRnrgg,1,reviewed-same-restaurant
wqi3BU5MJPYp4wFXBRnrgg,29aKnf4_uYRZhcKe0VmCUg,1,reviewed-same-restaurant
29aKnf4_uYRZhcKe0VmCUg,wqi3BU5MJPYp4wFXBRnrgg,1,reviewed-same-restaurant
RQTultuEFCaxLmCbsE6IPQ,29aKnf4_uYRZhcKe0VmCUg,1,reviewed-same-restaurant
29aKnf4_uYRZhcKe0VmCUg,RQTultuEFCaxLmCbsE6IPQ,1,reviewed-same-restaurant
